total11ratio,sex2,pcskill
71.9580361527772,Men,1
28.0419638472229,Women,1
