indg,1,2,share,indg2
1,56889.85239,862224.51473,6.59803234750461,Indigenous Peoples
2,2688804.12082,26145474.36873,10.2840135271587,Non-indigenous Peoples
