gender2,totsex,sexratio,coding,gender
Men,31588.06615,7.18227523965946,1,1
Women,25301.78624,5.27880998484137,1,2
